"Jun 6, 2018 ... Maxine Waters (@MaxineWaters) June 3, 2018 ... Waters, 79, has held the seat since 2013 and served in Congress since 1991. See Carlson ..."
"Read Fast Facts from CNN about the water crisis in Flint, Michigan. ... Flint Water Crisis Fast Facts. CNN Library. Updated 9:48 PM ET, Sun April 8, 2018 ..."
"Apr 20, 2016 ... Lead seepage into the drinking water in Flint, Mich., has causing a major ... Almost immediately, residents of Flint — a majority-black city where 40 percent of people ... which is 70 percent harder than its previous water source, according ... at 13,200 ppb — water is considered hazardous waste at 5,000 ppb."
"Cape Town cuts limit on water use by nearly half as 'Day Zero' looms. Lauren Said-Moorhouse ... Updated 10:26 AM ET, Thu February 1, 2018. People collect ..."
"14-day weather forecast for Bourton on the Water. ... in association with MeteoGroup. All times are BST (Europe/London, GMT +0100) unless otherwise stated."
"Aug 30, 2017 ... Harvey unloaded 33 trillion gallons of water in the U.S.. By Angela Fritz ... [Harvey is a 1,000-year flood event unprecedented in scale]. Original ..."
"Jan 15, 2016 ... A group of Virginia Tech researchers who sampled the water in 271 Flint homes last summer found some contained lead levels high enough to ..."
"Aug 15, 2017 ... Now all the city needs to do is be able to remove water that falls from the sky throughout every single year. And in 2017, that rain has fallen ..."
"Mar 11, 2016 ... 81°Weather ... The water systems, which reported lead levels exceeding ... The USA TODAY NETWORK investigation also found at least 180 of the water ... of EPA enforcement data identified 600 water systems in which tests at some taps ... in far more extensive testing of around 15,000 taps across Flint."
"Aug 11, 2017 ... A 12-year old girl poured the hot water over Jamoneisha Merritt as she slept in the Bronx."
"Read Fast Facts from CNN about the water crisis in Flint, Michigan. ... Updated 9:48 PM ET, Sun April 8, 2018 ... Default; 25%; 50%; 75%; 100% ..... Testing revealed that her water had 104 parts per billion (ppb) of lead, nearly seven ... Water contaminated with 5,000 ppb of lead is classified by the EPA as hazardous waste."
"Apr 20, 2016 ... Lead seepage into the drinking water in Flint, Mich., has causing a major ... Almost immediately, residents of Flint — a majority-black city where 40 percent of people ... which is 70 percent harder than its previous water source, according ... at 13,200 ppb — water is considered hazardous waste at 5,000 ppb."
"Cape Town cuts limit on water use by nearly half as 'Day Zero' looms. Lauren Said-Moorhouse ... Updated 10:26 AM ET, Thu February 1, 2018. People collect ..."
"Aug 30, 2017 ... Harvey unloaded 33 trillion gallons of water in the U.S.. By Angela Fritz ... [Harvey is a 1,000-year flood event unprecedented in scale]. Original ..."
"Mar 11, 2016 ... 81°Weather ... The water systems, which reported lead levels exceeding ... The USA TODAY NETWORK investigation also found at least 180 of the water ... of EPA enforcement data identified 600 water systems in which tests at some taps ... in far more extensive testing of around 15,000 taps across Flint."
"Jan 15, 2016 ... A group of Virginia Tech researchers who sampled the water in 271 Flint homes last summer found some contained lead levels high enough to ..."
"CNN Expansion NYC 2017 PH: JOHN NOWAK Paul Murphy ... Updated 2:35 PM ET, Wed January 31, 2018 .... They're being told to limit showers to 90 seconds. ..... 69°. Home · U.S. · Crime + Justice · Energy + Environment · Extreme Weather · Space + ... 45 · Congress · Supreme Court · 2018 · Key Races · Primary Results."
"Dec 29, 2017 ... Driven by misgivings about how tap water is treated, start-ups are turning ... An Arizona company, Zero Mass Water, which installs systems ... producing about 10 liters of water a day and storing about 60 liters. ... “You're going to get 99 percent of the bad stuff out,” he said. .... Correction: December 31, 2017"
"Aug 14, 2017 ... Six decades of industrial dumping, farming pollution and water plant and pipe ... The United Nations' goals for 2030 look like they could come up short. ... decade, according to a News21 investigation of 680,000 water quality and ... draft a proposal to draw water from Lake Michigan for its 71,000 residents."
"5 days ago ... In the search for healthier beverages, tweaked water may be the answer. ... 62% of U.S. consumers seek “natural” in their beverage options. ... it is 12 ounces (oz); malt liquor, 8 oz; wine, 5 oz; and 80-proof spirits, 1.5 oz. ... That group includes wine drinkers, about 32% of which are between ages 21-35."
"Read Fast Facts from CNN about the water crisis in Flint, Michigan. ... Updated 9:48 PM ET, Sun April 8, 2018 ... Default; 25%; 50%; 75%; 100% ..... Testing revealed that her water had 104 parts per billion (ppb) of lead, nearly seven ... Water contaminated with 5,000 ppb of lead is classified by the EPA as hazardous waste."
"Apr 20, 2016 ... Lead seepage into the drinking water in Flint, Mich., has causing a major ... Almost immediately, residents of Flint — a majority-black city where 40 percent of people ... which is 70 percent harder than its previous water source, according ... at 13,200 ppb — water is considered hazardous waste at 5,000 ppb."
"Cape Town cuts limit on water use by nearly half as 'Day Zero' looms. Lauren Said-Moorhouse ... Updated 10:26 AM ET, Thu February 1, 2018. People collect ..."
"Mar 11, 2016 ... 81°Weather ... The water systems, which reported lead levels exceeding ... The USA TODAY NETWORK investigation also found at least 180 of the water ... of EPA enforcement data identified 600 water systems in which tests at some taps ... in far more extensive testing of around 15,000 taps across Flint."
"Jan 15, 2016 ... A group of Virginia Tech researchers who sampled the water in 271 Flint homes last summer found some contained lead levels high enough to ..."
"5 days ago ... In the search for healthier beverages, tweaked water may be the answer. ... 62% of U.S. consumers seek “natural” in their beverage options. ... it is 12 ounces (oz); malt liquor, 8 oz; wine, 5 oz; and 80-proof spirits, 1.5 oz. ... That group includes wine drinkers, about 32% of which are between ages 21-35."
"Jun 1, 2018 ... Brown also signed Assembly Bill 606 by Robert Herzberg (D-Van Nuys). ... indoor, per-person water use goal of 55 gallons per day until 2025."
"CNN Expansion NYC 2017 PH: JOHN NOWAK Paul Murphy ... Updated 2:35 PM ET, Wed January 31, 2018 .... They're being told to limit showers to 90 seconds. ..... 69°. Home · U.S. · Crime + Justice · Energy + Environment · Extreme Weather · Space + ... 45 · Congress · Supreme Court · 2018 · Key Races · Primary Results."
"Aug 24, 2015 ... The Upshot|No, You Do Not Have to Drink 8 Glasses of Water a Day ... Many people believe that the source of this myth was a 1945 Food and Nutrition Board ... Survey from 2009 to 2012 to examine 4,134 children ages 6 to 19. ... So if you define “dehydration” as a urine osmolality of 800 mOsm/kg or higher ..."
"May 23, 2018 ... Water shortages could stretch into the 2050s, according to the Environment ... Wed 23 May 2018 11.34 EDT Last modified on Wed 23 May 2018 17.00 EDT ... A leaking toilet can lose up to 400 litres a day and, without a meter, ..."
"Read Fast Facts from CNN about the water crisis in Flint, Michigan. ... Flint Water Crisis Fast Facts. CNN Library. Updated 9:48 PM ET, Sun April 8, 2018 ..."
"Apr 20, 2016 ... Lead seepage into the drinking water in Flint, Mich., has causing a major ... Lead-Laced Water In Flint: A Step-By-Step Look At The Makings Of A Crisis ... which is 70 percent harder than its previous water source, according to MLive. ... at 13,200 ppb — water is considered hazardous waste at 5,000 ppb."
"Cape Town cuts limit on water use by nearly half as 'Day Zero' looms. Lauren Said-Moorhouse ... Updated 10:26 AM ET, Thu February 1, 2018. People collect ..."
"Mar 11, 2016 ... 81°Weather ... The water systems, which reported lead levels exceeding ... The USA TODAY NETWORK investigation also found at least 180 of the water ... of EPA enforcement data identified 600 water systems in which tests at some taps ... in far more extensive testing of around 15,000 taps across Flint."
"Jan 15, 2016 ... A group of Virginia Tech researchers who sampled the water in 271 Flint homes last summer found some contained lead levels high enough to ..."
"5 days ago ... In the search for healthier beverages, tweaked water may be the answer. ... 62% of U.S. consumers seek “natural” in their beverage options. ... beer, it is 12 ounces (oz); malt liquor, 8 oz; wine, 5 oz; and 80-proof spirits, 1.5 oz."
"Jun 1, 2018 ... Brown also signed Assembly Bill 606 by Robert Herzberg (D-Van Nuys). ... indoor, per-person water use goal of 55 gallons per day until 2025."
"11 February 2018 ... 70% of the Earth's surface, water, especially drinking water, is not as plentiful ... A 2014 survey of the world's 500 largest cities estimates that one in four are ... Will Cape Town be the first city to run out of water? ... In 2014, each of the more than 20 million inhabitants of Beijing had only 145 cubic metres."
"Sep 21, 2017 ... September 21, 2017, 2:00 AM PDT ... About 60 percent of the supply comes from Mecosta's springs and arrives at ... Silos holding 125 tons of plastic resin pellets provide the raw ... Water bottles in motion at the Nestlé Ice Mountain facility in ... Nestlé SA started bottling in 1843 when company founder Henri ..."
"Aug 24, 2015 ... The Upshot|No, You Do Not Have to Drink 8 Glasses of Water a Day ... Many people believe that the source of this myth was a 1945 Food and Nutrition Board ... Survey from 2009 to 2012 to examine 4,134 children ages 6 to 19. ... So if you define “dehydration” as a urine osmolality of 800 mOsm/kg or higher ..."
"Read Fast Facts from CNN about the water crisis in Flint, Michigan. ... Flint Water Crisis Fast Facts. CNN Library. Updated 9:48 PM ET, Sun April 8, 2018 ..."
"Apr 20, 2016 ... Lead seepage into the drinking water in Flint, Mich., has causing a major ... Lead-Laced Water In Flint: A Step-By-Step Look At The Makings Of A Crisis ... which is 70 percent harder than its previous water source, according to MLive. ... at 13,200 ppb — water is considered hazardous waste at 5,000 ppb."
"Cape Town cuts limit on water use by nearly half as 'Day Zero' looms. Lauren Said-Moorhouse ... Updated 10:26 AM ET, Thu February 1, 2018. People collect ..."
"Mar 11, 2016 ... 81°Weather ... The water systems, which reported lead levels exceeding ... The USA TODAY NETWORK investigation also found at least 180 of the water ... of EPA enforcement data identified 600 water systems in which tests at some taps ... in far more extensive testing of around 15,000 taps across Flint."
"Jan 15, 2016 ... A group of Virginia Tech researchers who sampled the water in 271 Flint homes last summer found some contained lead levels high enough to ..."
"5 days ago ... In the search for healthier beverages, tweaked water may be the answer. ... 62% of U.S. consumers seek “natural” in their beverage options. ... beer, it is 12 ounces (oz); malt liquor, 8 oz; wine, 5 oz; and 80-proof spirits, 1.5 oz."
"Jun 1, 2018 ... Brown also signed Assembly Bill 606 by Robert Herzberg (D-Van Nuys). ... indoor, per-person water use goal of 55 gallons per day until 2025."
"11 February 2018 ... 70% of the Earth's surface, water, especially drinking water, is not as plentiful ... A 2014 survey of the world's 500 largest cities estimates that one in four are ... Will Cape Town be the first city to run out of water? ... In 2014, each of the more than 20 million inhabitants of Beijing had only 145 cubic metres."
"Aug 24, 2015 ... The Upshot|No, You Do Not Have to Drink 8 Glasses of Water a Day ... Many people believe that the source of this myth was a 1945 Food and Nutrition Board ... Survey from 2009 to 2012 to examine 4,134 children ages 6 to 19. ... So if you define “dehydration” as a urine osmolality of 800 mOsm/kg or higher ..."
"Jan 31, 2018 ... In Cape Town, South Africa, they're calling it ""Day Zero"" -- the day when the taps run dry."
"Read Fast Facts from CNN about the water crisis in Flint, Michigan. ... Flint Water Crisis Fast Facts. CNN Library. Updated 9:48 PM ET, Sun April 8, 2018 ..."
"Apr 20, 2016 ... Lead seepage into the drinking water in Flint, Mich., has causing a major ... Lead-Laced Water In Flint: A Step-By-Step Look At The Makings Of A Crisis ... which is 70 percent harder than its previous water source, according to MLive. ... at 13,200 ppb — water is considered hazardous waste at 5,000 ppb."
"Jan 15, 2016 ... A group of Virginia Tech researchers who sampled the water in 271 Flint homes last summer found some contained lead levels high enough to ..."
"Mar 11, 2016 ... 81°Weather ... The water systems, which reported lead levels exceeding ... The USA TODAY NETWORK investigation also found at least 180 of the water ... of EPA enforcement data identified 600 water systems in which tests at some taps ... in far more extensive testing of around 15,000 taps across Flint."
"5 days ago ... In the search for healthier beverages, tweaked water may be the answer. ... Water Infused With Wine, The 2018 Beverage Of Choice ... for beer, it is 12 ounces (oz); malt liquor, 8 oz; wine, 5 oz; and 80-proof spirits, 1.5 oz."
"Aug 24, 2015 ... The Upshot|No, You Do Not Have to Drink 8 Glasses of Water a Day ... Many people believe that the source of this myth was a 1945 Food and Nutrition Board ... Survey from 2009 to 2012 to examine 4,134 children ages 6 to 19. ... So if you define “dehydration” as a urine osmolality of 800 mOsm/kg or higher ..."
"Mar 30, 2018 ... “In 'The Weight of Water' there's a line,” she said in an interview last year with WBUR radio, ... Ms. Shreve was born on Oct. 7, 1946, in Boston."
"By Abha Bhattarai August 22, 2017 Email the author Follow @abhabhattarai ... Poland Spring, the country's best-selling bottled water, is “a colossal fraud,” according to a ... According to the Food and Drug Administration, spring water must come from an ... [Nestlé to move U.S. headquarters to Arlington, bringing 750 jobs]."
"Mar 15, 2018 ... Researchers find levels of plastic fibres in popular bottled water brands could ... A previous study also found high levels of microplastics in tap water. ... found an average of 325 plastic particles for every litre of water being sold. ... Of the 259 bottles tested, only 17 were free of plastics, according to the study."
"May 28, 2018 ... The science of the 2018 Ellicott City, Maryland Floods from the ... For the second time within the past 2 years, a 1000-year scale scale rainfall event took place. ... The ""Memorial Day Weekend Flood of 2018"" was the result of many factors, ... First, let's start with the precipitation component of the water cycle."
"Read Fast Facts from CNN about the water crisis in Flint, Michigan. ... Flint Water Crisis Fast Facts. CNN Library. Updated 9:48 PM ET, Sun April 8, 2018 ..."
"Apr 20, 2016 ... Lead seepage into the drinking water in Flint, Mich., has causing a major ... Lead-Laced Water In Flint: A Step-By-Step Look At The Makings Of A Crisis .... Anne Walters' home ""turns up with a lead content of 104 parts per billion. ... levels at 13,200 ppb — water is considered hazardous waste at 5,000 ppb."
"Jan 15, 2016 ... A group of Virginia Tech researchers who sampled the water in 271 Flint homes last summer found some contained lead levels high enough to ..."
"Mar 11, 2016 ... 81°Weather ... The water systems, which reported lead levels exceeding ... The USA TODAY NETWORK investigation also found at least 180 of the water ... of EPA enforcement data identified 600 water systems in which tests at some taps ... in far more extensive testing of around 15,000 taps across Flint."
"5 days ago ... In the search for healthier beverages, tweaked water may be the answer. ... Water Infused With Wine, The 2018 Beverage Of Choice ... for beer, it is 12 ounces (oz); malt liquor, 8 oz; wine, 5 oz; and 80-proof spirits, 1.5 oz."
"11 February 2018 ... A 2014 survey of the world's 500 largest cities estimates that one in four are ... in-depth inventory of the city's lakes found that 85% had water that could only ... Will Cape Town be the first city to run out of water? ... In 2014, each of the more than 20 million inhabitants of Beijing had only 145 cubic metres."
"Aug 24, 2015 ... The Upshot|No, You Do Not Have to Drink 8 Glasses of Water a Day ... Many people believe that the source of this myth was a 1945 Food and Nutrition Board ... Survey from 2009 to 2012 to examine 4,134 children ages 6 to 19. ... So if you define “dehydration” as a urine osmolality of 800 mOsm/kg or higher ..."
"Mar 30, 2018 ... “In 'The Weight of Water' there's a line,” she said in an interview last year with WBUR radio, ... Ms. Shreve was born on Oct. 7, 1946, in Boston."
"May 14, 2008 ... Nearly 23m litres of drinking water - enough for 180,000 people for a day ... As the reservoirs across Spain run dry, a ""water war"" has broken out, ... water utility, one faulty system was reported to be losing 800,000 litres a day. ... water consumption a head: the average person in Madrid uses 140 litres a day."
"By Abha Bhattarai August 22, 2017 Email the author Follow @abhabhattarai ... Poland Spring, the country's best-selling bottled water, is “a colossal fraud,” according to a ... According to the Food and Drug Administration, spring water must come from an ... [Nestlé to move U.S. headquarters to Arlington, bringing 750 jobs]."
"Read Fast Facts from CNN about the water crisis in Flint, Michigan. ... Flint Water Crisis Fast Facts. CNN Library. Updated 9:48 PM ET, Sun April 8, 2018 ..."
"Apr 20, 2016 ... Lead seepage into the drinking water in Flint, Mich., has causing a major ... Lead-Laced Water In Flint: A Step-By-Step Look At The Makings Of A Crisis .... Anne Walters' home ""turns up with a lead content of 104 parts per billion. ... levels at 13,200 ppb — water is considered hazardous waste at 5,000 ppb."
"Jan 15, 2016 ... A group of Virginia Tech researchers who sampled the water in 271 Flint homes last summer found some contained lead levels high enough to ..."
"Mar 11, 2016 ... The water systems, which reported lead levels exceeding ... The USA TODAY NETWORK investigation also found at least 180 of the water systems ... analysis of EPA enforcement data identified 600 water systems in which tests at ... samples in far more extensive testing of around 15,000 taps across Flint."
"5 days ago ... The National Institute on Alcohol Abuse and Alcoholism (NIAAA) defines what constitutes one beverage alcohol drink: for beer, it is 12 ounces ..."
"11 February 2018 ... A 2014 survey of the world's 500 largest cities estimates that one in four are in a ... Will Cape Town be the first city to run out of water? ... receive less than 1,000 cubic metres of fresh water per person a year. In 2014, each of the more than 20 million inhabitants of Beijing had only 145 cubic metres."
"Aug 24, 2015 ... The Upshot|No, You Do Not Have to Drink 8 Glasses of Water a Day ... Many people believe that the source of this myth was a 1945 Food and Nutrition Board ... Survey from 2009 to 2012 to examine 4,134 children ages 6 to 19. ... So if you define “dehydration” as a urine osmolality of 800 mOsm/kg or higher ..."
"May 14, 2008 ... Nearly 23m litres of drinking water - enough for 180,000 people for a day ... As the reservoirs across Spain run dry, a ""water war"" has broken out, ... water utility, one faulty system was reported to be losing 800,000 litres a day. ... water consumption a head: the average person in Madrid uses 140 litres a day."
"By Abha Bhattarai August 22, 2017 Email the author Follow @abhabhattarai ... Poland Spring, the country's best-selling bottled water, is “a colossal fraud,” according to a ... According to the Food and Drug Administration, spring water must come from an ... [Nestlé to move U.S. headquarters to Arlington, bringing 750 jobs]."
"Mar 15, 2018 ... Researchers find levels of plastic fibres in popular bottled water brands could ... A previous study also found high levels of microplastics in tap water. ... found an average of 325 plastic particles for every litre of water being sold. ... Of the 259 bottles tested, only 17 were free of plastics, according to the study."
"Read Fast Facts from CNN about the water crisis in Flint, Michigan. ... Flint Water Crisis Fast Facts. CNN Library. Updated 9:48 PM ET, Sun April 8, 2018 ..."
"Apr 20, 2016 ... Lead seepage into the drinking water in Flint, Mich., has causing a major ... Lead-Laced Water In Flint: A Step-By-Step Look At The Makings Of A Crisis .... Anne Walters' home ""turns up with a lead content of 104 parts per billion. ... levels at 13,200 ppb — water is considered hazardous waste at 5,000 ppb."
"Jan 15, 2016 ... A group of Virginia Tech researchers who sampled the water in 271 Flint homes last summer found some contained lead levels high enough to ..."
"Mar 11, 2016 ... The water systems, which reported lead levels exceeding ... The USA TODAY NETWORK investigation also found at least 180 of the water systems ... analysis of EPA enforcement data identified 600 water systems in which tests at ... samples in far more extensive testing of around 15,000 taps across Flint."
"5 days ago ... The National Institute on Alcohol Abuse and Alcoholism (NIAAA) defines what constitutes one beverage alcohol drink: for beer, it is 12 ounces ..."
"Aug 24, 2015 ... The Upshot|No, You Do Not Have to Drink 8 Glasses of Water a Day ... Many people believe that the source of this myth was a 1945 Food and Nutrition Board ... Survey from 2009 to 2012 to examine 4,134 children ages 6 to 19. ... So if you define “dehydration” as a urine osmolality of 800 mOsm/kg or higher ..."
"11 February 2018 ... A 2014 survey of the world's 500 largest cities estimates that one in four are in a ... Will Cape Town be the first city to run out of water? ... receive less than 1,000 cubic metres of fresh water per person a year. In 2014, each of the more than 20 million inhabitants of Beijing had only 145 cubic metres."
"May 14, 2008 ... Nearly 23m litres of drinking water - enough for 180,000 people for a day ... As the reservoirs across Spain run dry, a ""water war"" has broken out, ... water utility, one faulty system was reported to be losing 800,000 litres a day. ... water consumption a head: the average person in Madrid uses 140 litres a day."
"By Abha Bhattarai August 22, 2017 Email the author Follow @abhabhattarai ... Poland Spring, the country's best-selling bottled water, is “a colossal fraud,” according to a ... According to the Food and Drug Administration, spring water must come from an ... [Nestlé to move U.S. headquarters to Arlington, bringing 750 jobs]."
"Mar 15, 2018 ... Researchers find levels of plastic fibres in popular bottled water brands could ... A previous study also found high levels of microplastics in tap water. ... found an average of 325 plastic particles for every litre of water being sold. ... Of the 259 bottles tested, only 17 were free of plastics, according to the study."
"Read Fast Facts from CNN about the water crisis in Flint, Michigan. ... Flint Water Crisis Fast Facts. CNN Library. Updated 9:48 PM ET, Sun April 8, 2018 ..."
"Apr 20, 2016 ... Lead seepage into the drinking water in Flint, Mich., has causing a ... Lead-Laced Water In Flint: A Step-By-Step Look At The Makings Of A ... April 20, 20166:39 PM ET .... at 13,200 ppb — water is considered hazardous waste at 5,000 ppb. .... been the proper protocol for a community under 50,000 people."
"Jan 15, 2016 ... A group of Virginia Tech researchers who sampled the water in 271 Flint homes last summer found some contained lead levels high enough to ..."
"Mar 11, 2016 ... The water systems, which reported lead levels exceeding ... The USA TODAY NETWORK investigation also found at least 180 of the water systems ... analysis of EPA enforcement data identified 600 water systems in which tests at ... samples in far more extensive testing of around 15,000 taps across Flint."
"5 days ago ... The National Institute on Alcohol Abuse and Alcoholism (NIAAA) defines what constitutes one beverage alcohol drink: for beer, it is 12 ounces ..."
"Aug 24, 2015 ... The Upshot|No, You Do Not Have to Drink 8 Glasses of Water a Day ... Many people believe that the source of this myth was a 1945 Food and Nutrition Board ... Survey from 2009 to 2012 to examine 4,134 children ages 6 to 19. ... So if you define “dehydration” as a urine osmolality of 800 mOsm/kg or higher ..."
"11 February 2018 ... A 2014 survey of the world's 500 largest cities estimates that one in four are in a ... Will Cape Town be the first city to run out of water? ... receive less than 1,000 cubic metres of fresh water per person a year. In 2014, each of the more than 20 million inhabitants of Beijing had only 145 cubic metres."
"By Abha Bhattarai August 22, 2017 Email the author Follow @abhabhattarai ... Poland Spring, the country's best-selling bottled water, is “a colossal fraud,” according to a ... According to the Food and Drug Administration, spring water must come from an ... [Nestlé to move U.S. headquarters to Arlington, bringing 750 jobs]."
"May 28, 2018 ... The science of the 2018 Ellicott City, Maryland Floods from the ... For the second time within the past 2 years, a 1000-year scale scale rainfall event took place. ... The ""Memorial Day Weekend Flood of 2018"" was the result of many factors, ... First, let's start with the precipitation component of the water cycle."
"Jul 22, 2004 ... 157. 157. Open Water. The sun is bright and hot as you break surface. ... Such is the scenario of Open Water, the surprise hit of this year's Sundance film ... In a wobbly scrawl faded by months in the water, Tom Lonergan had written: ... Nearly 50,000 people work in Queensland's Barrier Reef tourist trade, ..."
"Read Fast Facts from CNN about the water crisis in Flint, Michigan. ... Flint Water Crisis Fast Facts. CNN Library. Updated 9:48 PM ET, Sun April 8, 2018 ..."
"Apr 20, 2016 ... Lead seepage into the drinking water in Flint, Mich., has causing a ... Lead-Laced Water In Flint: A Step-By-Step Look At The Makings Of A ... April 20, 20166:39 PM ET .... at 13,200 ppb — water is considered hazardous waste at 5,000 ppb. .... been the proper protocol for a community under 50,000 people."
"Jan 15, 2016 ... A group of Virginia Tech researchers who sampled the water in 271 Flint homes last summer found some contained lead levels high enough to ..."
"Mar 11, 2016 ... The water systems, which reported lead levels exceeding ... The USA TODAY NETWORK investigation also found at least 180 of the water systems ... analysis of EPA enforcement data identified 600 water systems in which tests at ... samples in far more extensive testing of around 15,000 taps across Flint."
"5 days ago ... The National Institute on Alcohol Abuse and Alcoholism (NIAAA) defines what constitutes one beverage alcohol drink: for beer, it is 12 ounces ..."
"Aug 24, 2015 ... The Upshot|No, You Do Not Have to Drink 8 Glasses of Water a Day ... Many people believe that the source of this myth was a 1945 Food and Nutrition Board ... Survey from 2009 to 2012 to examine 4,134 children ages 6 to 19. ... So if you define “dehydration” as a urine osmolality of 800 mOsm/kg or higher ..."
"11 February 2018 ... A 2014 survey of the world's 500 largest cities estimates that one in four are in a ... Will Cape Town be the first city to run out of water? ... receive less than 1,000 cubic metres of fresh water per person a year. In 2014, each of the more than 20 million inhabitants of Beijing had only 145 cubic metres."
"May 14, 2008 ... Nearly 23m litres of drinking water - enough for 180,000 people for a day ... As the reservoirs across Spain run dry, a ""water war"" has broken out, ... water utility, one faulty system was reported to be losing 800,000 litres a day. ... water consumption a head: the average person in Madrid uses 140 litres a day."
"Jul 1, 2015 ... How many people still drink dirty water, or go to the toilet in the open? ... We only have five years to achieve clean water and safe toilets for all ... Shares. 7,473. 7473 ... access to drinking water and sanitation since 1990, shows that there ... by 2030 – one of the targets of the sustainable development goals."
"May 28, 2018 ... The science of the 2018 Ellicott City, Maryland Floods from the ... For the second time within the past 2 years, a 1000-year scale scale rainfall event took place. ... The ""Memorial Day Weekend Flood of 2018"" was the result of many factors, ... First, let's start with the precipitation component of the water cycle."
