"Oct 27, 2015 ... 1,884. 1884. Apple chief executive Tim Cook has called 2015 the company's ... Apple has more than $205bn of cash in the bank, the company revealed ... Apple sold 48m iPhones worth $33.2bn in its latest quarter – an increase of 36% on the same period last year and more than the .... 27 Oct 2015 15:49."
"2 days ago ... Later this year, Iphone users in the US will be able to share their exact location with first responders when they call 911. Veuer's Natasha ..."
"2 days ago ... Apple is adding an iPhone feature to iOS 12 later this year to help ... by Heather Kelly @heatherkelly June 18, 2018: 7:11 AM ET ... Default; 25%; 50%; 75%; 100% ... Of the 240 million calls made to 911 each year, more than 80% are from ... information leads to more than 10,000 unnecessary deaths a year."
"Jun 4, 2018 ... Apple showed off its new bells and whistles coming to the iPhone, iPad ... by Heather Kelly @heatherkelly June 4, 2018: 4:13 PM ET. See Apple's new features: 'Memoji' and group FaceTime ... apple keynote screen time notification 060418 ... FaceTime will soon be able to support video chats with up to 32 ..."
"Jun 8, 2018 ... This week's Apple Loop includes the latest renders of 2018's new iPhone X, the hardware that wasn't announced at WWDC 2018, why iOS 12 ..."
"Jun 4, 2018 ... Tim Cook and friends kick off 'dubdub' in California, with new Apple Watch features, Siri Shortcuts, new Animoji, group FaceTime, ARKit and ..."
"May 1, 2018 ... Apple's stock buyback, announced as the company released its quarterly ... May 1, 2018 ... Apple said it would buy back an additional $100 billion in stock, by far ... Apple also increased its dividend by 16 percent to 73 cents a share, ... of 275 of the companies in the Standard & Poor's 500-stock index, said ..."
"6 days ago ... Apple is closing a technological loophole that let authorities hack into ... with the F.B.I. in 2016 after Apple refused to help open the locked iPhone of a mass killer. ... The Indiana State Police said it unlocked 96 iPhones for various cases this ... Apple's chief executive, to respond with a blistering 1,100-word ..."
"Jun 10, 2018 ... Apple's massive new iPhone will make one radical design change..."
"Jun 13, 2018 ... Apple CEO Tim Cook talks about the investments the company plans to ... years, including building a new campus and hiring 20000 workers."
"2 days ago ... Apple is adding an iPhone feature to iOS 12 later this year to help ... by Heather Kelly @heatherkelly June 18, 2018: 7:11 AM ET ... Default; 25%; 50%; 75%; 100% ... Of the 240 million calls made to 911 each year, more than 80% are ... used by the 6,300 emergency response departments across the US."
"May 1, 2018 ... Apple's stock buyback, announced as the company released its quarterly ... May 1, 2018 ... Apple said it would buy back an additional $100 billion in stock, by far ... Apple also increased its dividend by 16 percent to 73 cents a share, ... of 275 of the companies in the Standard & Poor's 500-stock index, said ..."
"Jun 13, 2018 ... Apple CEO Tim Cook talks about the investments the company plans to ... years, including building a new campus and hiring 20000 workers."
"Apple is refunding $50 to iPhone owners who paid for an ... Mike Snider, USA TODAY Published 3:49 p.m. ET May 23, 2018 | Updated 11:57 a.m. ET May 24, ..."
"2 days ago ... iPhone users who call 911 will automatically send location data to ... DJIA Futures24828 0.46%△ .... Apple Inc., working with startup RapidSOS, will push new software ... Wireless devices make about 80% of the roughly 240 million 911 ... Appeared in the June 19, 2018, print edition as 'Apple Gives Boost ..."
"Jan 17, 2018 ... With the moves, Apple took advantage of the new tax code that President ... Apple, which has 94 percent of its total cash of $269 billion outside the ... of the money it brought back toward 20,000 new jobs, a new domestic ... Apple's current pace of spending in the United States is $55 billion for 2018, so it ..."
"Jun 18, 2017 ... It's printed on the back of every iPhone: “Designed by Apple in ... as of 2009 there were 99 million factory workers in China – have helped the .... One worker said 1,700 iPhones passed through her hands every .... In the US, the National Suicide Prevention Hotline is 1-800-273-8255. .... 18 Jun 2017 1:41."
"Jun 6, 2018 ... Apple remains the top player in the tech scene, not only ranking as the ... Seven of the largest tech companies in 2018 hail from the U.S. — down one from last year. ... Tech companies account for 130 spots spots on Forbes' Global 2000, ... Though the Asia-Pacific region had 59 companies on the list, the ..."
"AP June 18, 2018, 8:33 AM ... Apple is trying to drag the U.S.'s antiquated system for handling 911 calls into the 21st century. ... location of 911 calls to about 6,300 emergency response centers in the U.S. ... An estimated 80 percent of roughly 240 million emergency calls in the U.S. this ... S&P 500, 2,727.64, +37.78, +1.40% ..."
AAPL:USNASDAQ GS. Apple Inc. 185.69USD. -3.05-1.62%. Add to Watchlist. Market Closed. As of 08:00 PM EDT 06/19/2018. Open. 185.14. Prev Close.
"Oct 27, 2015 ... Apple sold 48m iPhones worth $33.2bn in its latest quarter – an increase of 36% on the same period last year and more than the total sales ..."
"2 days ago ... Apple is adding an iPhone feature to iOS 12 later this year to help ... by Heather Kelly @heatherkelly June 18, 2018: 7:11 AM ET ... Default; 25%; 50%; 75%; 100% ... Of the 240 million calls made to 911 each year, more than 80% are ... used by the 6,300 emergency response departments across the US."
"May 1, 2018 ... Apple's stock buyback, announced as the company released its quarterly ... May 1, 2018 ... Apple said it would buy back an additional $100 billion in stock, by far ... Apple also increased its dividend by 16 percent to 73 cents a share, ... of 275 of the companies in the Standard & Poor's 500-stock index, said ..."
"Jun 13, 2018 ... Apple CEO Tim Cook talks about the investments the company plans to ... years, including building a new campus and hiring 20000 workers."
"Apple is refunding $50 to iPhone owners who paid for an ... Mike Snider, USA TODAY Published 3:49 p.m. ET May 23, 2018 | Updated 11:57 a.m. ET May 24, ..."
"2 days ago ... iPhone users who call 911 will automatically send location data to ... location-estimate radius of 121 feet, while carrier data averaged 522 feet, ... Wireless devices make about 80% of the roughly 240 million 911 calls ... Appeared in the June 19, 2018, print edition as 'Apple Gives Boost to 911 System.' ..."
"Mar 28, 2018 ... Apple's new iPad (2018 edition) has some importance upgrades over its ... So what is the difference between the new 2018 iPad and its older, ... iPad (2018) and iPad (2017): 240 x 169.5 x 7.5 mm (9.45 x 6.67 x 0.30 in) and 469 / 478g ... Multi‑Touch display, 2048 x 1536 resolution at 264 pixels per inch ..."
"Jan 17, 2018 ... With the moves, Apple took advantage of the new tax code that President ... Apple, which has 94 percent of its total cash of $269 billion outside the ... of the money it brought back toward 20,000 new jobs, a new domestic ... Apple's current pace of spending in the United States is $55 billion for 2018, so it ..."
"Jun 18, 2017 ... It's printed on the back of every iPhone: “Designed by Apple in ... as of 2009 there were 99 million factory workers in China – have helped the .... One worker said 1,700 iPhones passed through her hands every .... In the US, the National Suicide Prevention Hotline is 1-800-273-8255. .... 18 Jun 2017 1:41."
"Jun 6, 2018 ... Apple remains the top player in the tech scene, not only ranking as the ... Seven of the largest tech companies in 2018 hail from the U.S. — down one from last year. ... Tech companies account for 130 spots spots on Forbes' Global 2000, ... Though the Asia-Pacific region had 59 companies on the list, the ..."
"Oct 27, 2015 ... Firm now has more money in the bank than the annual GDP of Czech Republic, Peru and New Zealand, after selling 48m iPhones in latest ..."
"2 days ago ... Apple is adding an iPhone feature to iOS 12 later this year to help ... by Heather Kelly @heatherkelly June 18, 2018: 7:11 AM ET ... Default; 25%; 50%; 75%; 100% ... Of the 240 million calls made to 911 each year, more than 80% are ... used by the 6,300 emergency response departments across the US."
"May 1, 2018 ... Apple's stock buyback, announced as the company released its quarterly ... May 1, 2018 ... Apple said it would buy back an additional $100 billion in stock, by far ... Apple also increased its dividend by 16 percent to 73 cents a share, ... of 275 of the companies in the Standard & Poor's 500-stock index, said ..."
"Apple is refunding $50 to iPhone owners who paid for an ... Mike Snider, USA TODAY Published 3:49 p.m. ET May 23, 2018 | Updated 11:57 a.m. ET May 24, ..."
"2 days ago ... iPhone users who call 911 will automatically send location data to ... location-estimate radius of 121 feet, while carrier data averaged 522 feet, ... Wireless devices make about 80% of the roughly 240 million 911 calls ... Appeared in the June 19, 2018, print edition as 'Apple Gives Boost to 911 System.' ..."
"Jun 18, 2017 ... It's printed on the back of every iPhone: “Designed by Apple in ... as of 2009 there were 99 million factory workers in China – have helped the .... One worker said 1,700 iPhones passed through her hands every .... In the US, the National Suicide Prevention Hotline is 1-800-273-8255. .... 18 Jun 2017 1:41."
"Jun 6, 2018 ... Apple remains the top player in the tech scene, not only ranking as the ... Seven of the largest tech companies in 2018 hail from the U.S. — down one from last year. ... Tech companies account for 130 spots spots on Forbes' Global 2000, ... Though the Asia-Pacific region had 59 companies on the list, the ..."
"AP June 18, 2018, 8:33 AM ... Apple is trying to drag the U.S.'s antiquated system for handling 911 calls into the 21st century. ... location of 911 calls to about 6,300 emergency response centers in the U.S. ... An estimated 80 percent of roughly 240 million emergency calls in the U.S. this ... S&P 500, 2,727.64, +37.78, +1.40% ..."
"2 days ago ... Apple says the feature will give emergency call centers faster and more ... after a helicopter crashed into New York's East River on March 11, 2018. ... your location data automatically if you ever have to call 911, Apple announced Monday. ... location data for 80 percent of emergency service calls by 2021."
AAPL:USNASDAQ GS. Apple Inc. 185.69USD. -3.05-1.62%. Add to Watchlist. Market Closed. As of 08:00 PM EDT 06/19/2018. Open. 185.14. Prev Close.
"2 days ago ... Apple is adding an iPhone feature to iOS 12 later this year to help ... by Heather Kelly @heatherkelly June 18, 2018: 7:11 AM ET ... Default; 25%; 50%; 75%; 100% ... Of the 240 million calls made to 911 each year, more than 80% are ... used by the 6,300 emergency response departments across the US."
"May 1, 2018 ... Apple's stock buyback, announced as the company released its quarterly ... May 1, 2018 ... Apple said it would buy back an additional $100 billion in stock, by far ... Apple also increased its dividend by 16 percent to 73 cents a share, ... of 275 of the companies in the Standard & Poor's 500-stock index, said ..."
"Apple is refunding $50 to iPhone owners who paid for an ... Mike Snider, USA TODAY Published 3:49 p.m. ET May 23, 2018 | Updated 11:57 a.m. ET May 24, ..."
"2 days ago ... iPhone users who call 911 will automatically send location data to ... location-estimate radius of 121 feet, while carrier data averaged 522 feet, ... Wireless devices make about 80% of the roughly 240 million 911 calls ... Appeared in the June 19, 2018, print edition as 'Apple Gives Boost to 911 System.' ..."
"Jun 18, 2017 ... It's printed on the back of every iPhone: “Designed by Apple in ... as of 2009 there were 99 million factory workers in China – have helped the .... One worker said 1,700 iPhones passed through her hands every .... In the US, the National Suicide Prevention Hotline is 1-800-273-8255. .... 18 Jun 2017 1:41."
"Jun 6, 2018 ... Apple remains the top player in the tech scene, not only ranking as the ... Seven of the largest tech companies in 2018 hail from the U.S. — down one from last year. ... Tech companies account for 130 spots spots on Forbes' Global 2000, ... Though the Asia-Pacific region had 59 companies on the list, the ..."
"AP June 18, 2018, 8:33 AM ... Apple is trying to drag the U.S.'s antiquated system for handling 911 calls into the 21st century. ... location of 911 calls to about 6,300 emergency response centers in the U.S. ... An estimated 80 percent of roughly 240 million emergency calls in the U.S. this ... S&P 500, 2,727.64, +37.78, +1.40% ..."
"2 days ago ... Apple says the feature will give emergency call centers faster and more ... after a helicopter crashed into New York's East River on March 11, 2018. ... your location data automatically if you ever have to call 911, Apple announced Monday. ... location data for 80 percent of emergency service calls by 2021."
AAPL:USNASDAQ GS. Apple Inc. 185.69USD. -3.05-1.62%. Add to Watchlist. Market Closed. As of 08:00 PM EDT 06/19/2018. Open. 185.14. Prev Close.
"Dec 21, 2017 ... Apple's rising stock price briefly pushed its market value over $900 billion last month. That made Apple the most valuable publicly-traded company of all time, raising the ... 2017. Oct. 2007. March 2000. Aug. 2000. Nov. 2017. Nov. 2017 ... ranked by their highest market cap, from 1925 through November."
"2 days ago ... Apple is adding an iPhone feature to iOS 12 later this year to help ... by Heather Kelly @heatherkelly June 18, 2018: 7:11 AM ET ... Default; 25%; 50%; 75%; 100% ... Of the 240 million calls made to 911 each year, more than 80% are ... used by the 6,300 emergency response departments across the US."
"May 1, 2018 ... Apple's stock buyback, announced as the company released its quarterly ... May 1, 2018 ... Apple said it would buy back an additional $100 billion in stock, by far ... Apple also increased its dividend by 16 percent to 73 cents a share, ... of 275 of the companies in the Standard & Poor's 500-stock index, said ..."
"2 days ago ... iPhone users who call 911 will automatically send location data to ... location-estimate radius of 121 feet, while carrier data averaged 522 feet, ... Wireless devices make about 80% of the roughly 240 million 911 calls ... Appeared in the June 19, 2018, print edition as 'Apple Gives Boost to 911 System.' ..."
"Mar 28, 2018 ... Apple's new iPad (2018 edition) has some importance upgrades over its ... So what is the difference between the new 2018 iPad and its older, ... iPad (2018) and iPad (2017): 240 x 169.5 x 7.5 mm (9.45 x 6.67 x 0.30 in) and 469 / 478g ... Multi‑Touch display, 2048 x 1536 resolution at 264 pixels per inch ..."
"Jun 18, 2017 ... It's printed on the back of every iPhone: “Designed by Apple in ... as of 2009 there were 99 million factory workers in China – have helped the .... One worker said 1,700 iPhones passed through her hands every .... In the US, the National Suicide Prevention Hotline is 1-800-273-8255. .... 18 Jun 2017 1:41."
"Jun 6, 2018 ... Apple remains the top player in the tech scene, not only ranking as the ... Seven of the largest tech companies in 2018 hail from the U.S. — down one from last year. ... Tech companies account for 130 spots spots on Forbes' Global 2000, ... 360 before it merged into a shell company earlier this year, at #102."
"AP June 18, 2018, 8:33 AM ... Apple is trying to drag the U.S.'s antiquated system for handling 911 calls into the 21st century. ... location of 911 calls to about 6,300 emergency response centers in the U.S. ... An estimated 80 percent of roughly 240 million emergency calls in the U.S. this ... S&P 500, 2,727.64, +37.78, +1.40% ..."
"2 days ago ... Apple says the feature will give emergency call centers faster and more ... after a helicopter crashed into New York's East River on March 11, 2018. ... your location data automatically if you ever have to call 911, Apple announced Monday. ... location data for 80 percent of emergency service calls by 2021."
AAPL:USNASDAQ GS. Apple Inc. 185.69USD. -3.05-1.62%. Add to Watchlist. Market Closed. As of 08:00 PM EDT 06/19/2018. Open. 185.14. Prev Close.
"Dec 21, 2017 ... Apple's rising stock price briefly pushed its market value over $900 billion last month. That made Apple the most valuable publicly-traded company of all time, ... 2017. Oct. 2007. March 2000. Aug. 2000. Nov. 2017. Nov. 2017 .... In December 1985, IBM's shares constituted 4.4 percent of the entire stock ..."
"2 days ago ... Apple is adding an iPhone feature to iOS 12 later this year to help emergency ... by Heather Kelly @heatherkelly June 18, 2018: 7:11 AM ET .... Of the 240 million calls made to 911 each year, more than 80% are from mobile ... programs used by the 6,300 emergency response departments across the US."
"May 1, 2018 ... Apple's stock buyback, announced as the company released its quarterly ... Apple said it would buy back an additional $100 billion in stock, by far the ... value of 275 of the companies in the Standard & Poor's 500-stock index, ... 2018 , on Page B4 of the New York edition with the headline: Apple, Awash in ..."
"2 days ago ... iPhone users who call 911 will automatically send location data to ... location-estimate radius of 121 feet, while carrier data averaged 522 feet, ... Wireless devices make about 80% of the roughly 240 million 911 calls ... Appeared in the June 19, 2018, print edition as 'Apple Gives Boost to 911 System.' ..."
"Jun 18, 2017 ... It's printed on the back of every iPhone: “Designed by Apple in ... as of 2009 there were 99 million factory workers in China – have helped the .... One worker said 1,700 iPhones passed through her hands every .... In the US, the National Suicide Prevention Hotline is 1-800-273-8255. .... 18 Jun 2017 1:41."
"Jun 6, 2018 ... Apple remains the top player in the tech scene, not only ranking as the ... Seven of the largest tech companies in 2018 hail from the U.S. — down one from last year. ... Tech companies account for 130 spots spots on Forbes' Global 2000, ... 360 before it merged into a shell company earlier this year, at #102."
"AP June 18, 2018, 8:33 AM ... Apple is trying to drag the U.S.'s antiquated system for handling 911 calls into the 21st century. ... location of 911 calls to about 6,300 emergency response centers in the U.S. ... An estimated 80 percent of roughly 240 million emergency calls in the U.S. this ... S&P 500, 2,727.64, +37.78, +1.40% ..."
"2 days ago ... Apple says the feature will give emergency call centers faster and more ... after a helicopter crashed into New York's East River on March 11, 2018. ... your location data automatically if you ever have to call 911, Apple announced Monday. ... location data for 80 percent of emergency service calls by 2021."
AAPL:USNASDAQ GS. Apple Inc. 185.69USD. -3.05-1.62%. Add to Watchlist. Market Closed. As of 08:00 PM EDT 06/19/2018. Open. 185.14. Prev Close.
"Dec 21, 2017 ... Apple's rising stock price briefly pushed its market value over $900 billion last month. That made Apple the most valuable publicly-traded company of all time, ... 2017. Oct. 2007. March 2000. Aug. 2000. Nov. 2017. Nov. 2017 ... ranked by their highest market cap, from 1925 through November. .... July 1955."
"Jun 4, 2018 ... Tim Cook and friends kick off 'dubdub' in California, with new Apple Watch features, Siri Shortcuts, new Animoji, group FaceTime, ARKit and ..."
"2 days ago ... Apple is adding an iPhone feature to iOS 12 later this year to help emergency ... by Heather Kelly @heatherkelly June 18, 2018: 7:11 AM ET .... Of the 240 million calls made to 911 each year, more than 80% are from mobile ... programs used by the 6,300 emergency response departments across the US."
"May 1, 2018 ... Apple's stock buyback, announced as the company released its quarterly ... Apple said it would buy back an additional $100 billion in stock, by far the ... value of 275 of the companies in the Standard & Poor's 500-stock index, ... 2018 , on Page B4 of the New York edition with the headline: Apple, Awash in ..."
"2 days ago ... iPhone users who call 911 will automatically send location data to ... location-estimate radius of 121 feet, while carrier data averaged 522 feet, ... Wireless devices make about 80% of the roughly 240 million 911 calls ... Appeared in the June 19, 2018, print edition as 'Apple Gives Boost to 911 System.' ..."
"Jun 18, 2017 ... It's printed on the back of every iPhone: “Designed by Apple in ... The sprawling factory was once home to an estimated 450,000 workers. ... One worker said 1,700 iPhones passed through her hands every day; .... In the US, the National Suicide Prevention Hotline is 1-800-273-8255. .... 18 Jun 2017 1:41."
"Jun 6, 2018 ... Apple remains the top player in the tech scene, not only ranking as the ... Seven of the largest tech companies in 2018 hail from the U.S. — down one from last year. ... Tech companies account for 130 spots spots on Forbes' Global 2000, ... 360 before it merged into a shell company earlier this year, at #102."
"AP June 18, 2018, 8:33 AM ... Apple is trying to drag the U.S.'s antiquated system for handling 911 calls into the 21st century. ... location of 911 calls to about 6,300 emergency response centers in the U.S. ... An estimated 80 percent of roughly 240 million emergency calls in the U.S. this ... S&P 500, 2,727.64, +37.78, +1.40% ..."
"Dec 18, 2014 ... Poor treatment of workers in the Chinese factories which make Apple products is discovered by an undercover BBC Panorama investigation."
"2 days ago ... Apple says the feature will give emergency call centers faster and more ... after a helicopter crashed into New York's East River on March 11, 2018. ... to share your location data automatically if you ever have to call 911, Apple ..."
AAPL:USNASDAQ GS. Apple Inc. 185.69USD. -3.05-1.62%. Add to Watchlist. Market Closed. As of 08:00 PM EDT 06/19/2018. Open. 185.14. Prev Close.
"Dec 21, 2017 ... Apple's rising stock price briefly pushed its market value over $900 billion last month. That made Apple the most valuable publicly-traded company of all time, raising the ... 2017. Oct. 2007. March 2000. Aug. 2000. Nov. 2017. Nov. 2017 ... ranked by their highest market cap, from 1925 through November."
"Oct 27, 2015 ... Firm now has more money in the bank than the annual GDP of Czech Republic, Peru and New Zealand, after selling 48m iPhones in latest ..."
"2 days ago ... Apple is adding an iPhone feature to iOS 12 later this year to help emergency ... by Heather Kelly @heatherkelly June 18, 2018: 7:11 AM ET .... Of the 240 million calls made to 911 each year, more than 80% are from mobile ... programs used by the 6,300 emergency response departments across the US."
"May 1, 2018 ... Apple's stock buyback, announced as the company released its quarterly ... Apple said it would buy back an additional $100 billion in stock, by far the ... value of 275 of the companies in the Standard & Poor's 500-stock index, ... 2018 , on Page B4 of the New York edition with the headline: Apple, Awash in ..."
"2 days ago ... iPhone users who call 911 will automatically send location data to ... location-estimate radius of 121 feet, while carrier data averaged 522 feet, ... Wireless devices make about 80% of the roughly 240 million 911 calls ... Appeared in the June 19, 2018, print edition as 'Apple Gives Boost to 911 System.' ..."
"Jun 18, 2017 ... It's printed on the back of every iPhone: “Designed by Apple in ... The sprawling factory was once home to an estimated 450,000 workers. ... One worker said 1,700 iPhones passed through her hands every day; .... In the US, the National Suicide Prevention Hotline is 1-800-273-8255. .... 18 Jun 2017 1:41."
"Jun 6, 2018 ... Apple remains the top player in the tech scene, not only ranking as the ... Seven of the largest tech companies in 2018 hail from the U.S. — down one from last year. ... Tech companies account for 130 spots spots on Forbes' Global 2000, ... 360 before it merged into a shell company earlier this year, at #102."
"AP June 18, 2018, 8:33 AM ... Apple is trying to drag the U.S.'s antiquated system for handling 911 calls into the 21st century. ... location of 911 calls to about 6,300 emergency response centers in the U.S. ... An estimated 80 percent of roughly 240 million emergency calls in the U.S. this ... S&P 500, 2,727.64, +37.78, +1.40% ..."
"2 days ago ... Apple says the feature will give emergency call centers faster and more ... after a helicopter crashed into New York's East River on March 11, 2018. ... to share your location data automatically if you ever have to call 911, Apple ..."
AAPL:USNASDAQ GS. Apple Inc. 185.69USD. -3.05-1.62%. Add to Watchlist. Market Closed. As of 08:00 PM EDT 06/19/2018. Open. 185.14. Prev Close.
"Dec 21, 2017 ... Apple's rising stock price briefly pushed its market value over $900 billion last month. That made Apple the most valuable publicly-traded company of all time, raising the ... 2017. Oct. 2007. March 2000. Aug. 2000. Nov. 2017. Nov. 2017 ... ranked by their highest market cap, from 1925 through November."
"2 days ago ... Apple is adding an iPhone feature to iOS 12 later this year to help emergency ... by Heather Kelly @heatherkelly June 18, 2018: 7:11 AM ET .... Of the 240 million calls made to 911 each year, more than 80% are from mobile ... programs used by the 6,300 emergency response departments across the US."
"May 1, 2018 ... Apple's stock buyback, announced as the company released its quarterly ... Apple said it would buy back an additional $100 billion in stock, by far the ... value of 275 of the companies in the Standard & Poor's 500-stock index, ... 2018 , on Page B4 of the New York edition with the headline: Apple, Awash in ..."
"2 days ago ... iPhone users who call 911 will automatically send location data to ... carrier data averaged 522 feet, RapidSOS told The Journal earlier this year. ... Wireless devices make about 80% of the roughly 240 million 911 calls ... Appeared in the June 19, 2018, print edition as 'Apple Gives Boost to 911 System.' ..."
"Mar 28, 2018 ... Apple's new iPad (2018 edition) has some importance upgrades over its ... So what is the difference between the new 2018 iPad and its older, ... iPad (2018) and iPad (2017): 240 x 169.5 x 7.5 mm (9.45 x 6.67 x 0.30 in) and 469 / 478g ... Multi‑Touch display, 2048 x 1536 resolution at 264 pixels per inch ..."
"Jun 18, 2017 ... It's printed on the back of every iPhone: “Designed by Apple in ... The sprawling factory was once home to an estimated 450,000 workers. ... One worker said 1,700 iPhones passed through her hands every day; .... In the US, the National Suicide Prevention Hotline is 1-800-273-8255. .... 18 Jun 2017 1:41."
"Jun 6, 2018 ... Apple remains the top player in the tech scene, not only ranking as the ... Seven of the largest tech companies in 2018 hail from the U.S. — down one from last year. ... Tech companies account for 130 spots spots on Forbes' Global 2000, our ... came in at #23 after falling 386 spots to #444 on the global list."
"AP June 18, 2018, 8:33 AM ... Apple is trying to drag the U.S.'s antiquated system for handling 911 calls into the 21st century. ... location of 911 calls to about 6,300 emergency response centers in the U.S. ... An estimated 80 percent of roughly 240 million emergency calls in the U.S. this ... S&P 500, 2,727.64, +37.78, +1.40% ..."
"2 days ago ... Apple says the feature will give emergency call centers faster and more ... after a helicopter crashed into New York's East River on March 11, 2018. ... to share your location data automatically if you ever have to call 911, Apple ..."
AAPL:USNASDAQ GS. Apple Inc. 185.69USD. -3.05-1.62%. Add to Watchlist. Market Closed. As of 08:00 PM EDT 06/19/2018. Open. 185.14. Prev Close.
"Dec 21, 2017 ... Apple's rising stock price briefly pushed its market value over $900 billion last month. That made Apple the most valuable publicly-traded company of all time, ... 2017. Oct. 2007. March 2000. Aug. 2000. Nov. 2017. Nov. 2017 ... ranked by their highest market cap, from 1925 through November. .... July 1955."
"2 days ago ... Apple is adding an iPhone feature to iOS 12 later this year to help emergency ... by Heather Kelly @heatherkelly June 18, 2018: 7:11 AM ET .... Of the 240 million calls made to 911 each year, more than 80% are from mobile ... programs used by the 6,300 emergency response departments across the US."
"2 days ago ... iPhone users who call 911 will automatically send location data to ... carrier data averaged 522 feet, RapidSOS told The Journal earlier this year. ... Wireless devices make about 80% of the roughly 240 million 911 calls ... Appeared in the June 19, 2018, print edition as 'Apple Gives Boost to 911 System.' ..."
"Jun 18, 2017 ... It's printed on the back of every iPhone: “Designed by Apple in ... The sprawling factory was once home to an estimated 450,000 workers. ... One worker said 1,700 iPhones passed through her hands every day; .... In the US, the National Suicide Prevention Hotline is 1-800-273-8255. .... 18 Jun 2017 1:41."
"Jun 6, 2018 ... Apple remains the top player in the tech scene, not only ranking as the ... Seven of the largest tech companies in 2018 hail from the U.S. — down one from last year. ... Tech companies account for 130 spots spots on Forbes' Global 2000, our ... came in at #23 after falling 386 spots to #444 on the global list."
"AP June 18, 2018, 8:33 AM ... Apple is trying to drag the U.S.'s antiquated system for handling 911 calls into the 21st century. ... location of 911 calls to about 6,300 emergency response centers in the U.S. ... An estimated 80 percent of roughly 240 million emergency calls in the U.S. this ... S&P 500, 2,727.64, +37.78, +1.40% ..."
"Dec 18, 2014 ... Poor treatment of workers in the Chinese factories which make Apple products is discovered by an undercover BBC Panorama investigation."
"2 days ago ... Apple says the feature will give emergency call centers faster and more ... after a helicopter crashed into New York's East River on March 11, 2018. ... to share your location data automatically if you ever have to call 911, Apple ..."
AAPL:USNASDAQ GS. Apple Inc. 185.69USD. -3.05-1.62%. Add to Watchlist. Market Closed. As of 08:00 PM EDT 06/19/2018. Open. 185.14. Prev Close.
"Dec 21, 2017 ... Apple's rising stock price briefly pushed its market value over $900 billion last month. That made Apple the most valuable publicly-traded company of all time, ... 2017. Oct. 2007. March 2000. Aug. 2000. Nov. 2017. Nov. 2017 ... ranked by their highest market cap, from 1925 through November. .... July 1955."
"Jun 4, 2018 ... Tim Cook and friends kick off 'dubdub' in California, with new Apple Watch features, Siri Shortcuts, new Animoji, group FaceTime, ARKit and ..."
